model,median,lower,upper
non_white,0.6112552540826457,0.5880568376387929,0.6340923050390146
white,0.6662675819481565,0.6473569494534637,0.68479125004151
