median,lower,upper,prob
0.05584409257421674,0.03295398449066052,0.07836888383522854,1
