median,lower,upper,prob
0.03679883545077983,0.01258172841229605,0.05995718307547894,0.99775
