median,lower,upper,prob
0.10650084938687654,0.07902506531461614,0.132738685256386,1
