model,median,lower,upper
older,0.56856699552983,0.5472775078151572,0.5902696863816062
younger,0.6749837306094872,0.6556296343091407,0.6935590480150515
