model,median,lower,upper
above_poverty,0.6708545793910219,0.6532754040271976,0.6882716442888007
below_poverty,0.6153024880379278,0.5974896512001918,0.6331201809314859
