median,lower,upper,prob
0.0549264311508173,0.027166769559065895,0.08356770914914033,1
