model,median,lower,upper
female,0.6386506353433941,0.6210350627856422,0.6558814134309876
male,0.6755360650758582,0.657780278333292,0.6932484061680757
